"baseMean","log2FoldChange","lfcSE","stat","pvalue","padj","gene"
11.4224348072758,2.03644002144494,0.482987021221216,4.21634522661887,2.48293560089629e-05,0.00330975315599475,"DYNLT5"
11.9489132152192,-2.176448441342,0.556919419987467,-3.90801319406491,9.30582255151474e-05,0.00739350683116042,"LGR6"
