"","line","type","day"
"PC1",0.853175519116618,0.729996861796699,1.20154311285662e-23
"PC2",0.350497471325321,1.93551780915762e-15,0.630366971830867
"PC3",1.95875066020105e-25,0.292259035484169,0.687518489970019
"PC4",0.508055665755487,0.257957487379561,0.117987109440527
"PC5",0.13314913875563,0.251631087342539,0.960446781069422
