"","line","type","day"
"PC1",0.756144541808655,0.490124031010418,4.04433667603601e-27
"PC2",0.574327490083355,6.30082045055781e-18,0.433817108271606
"PC3",1.08171514522292e-29,0.331122905340811,0.992906741709559
"PC4",0.89589247444939,0.119934876182385,0.101934179643973
"PC5",0.0722115745906195,0.371183007018145,0.799631848569413
