"","ID","Description","GeneRatio","BgRatio","pvalue","p.adjust","qvalue","geneID","Count"
"GO:0098742","GO:0098742","cell-cell adhesion via plasma-membrane adhesion molecules","20/480","289/20772",1.43364813724146e-05,0.0372699332484926,0.0362197969049679,"ENSG00000113248/ENSG00000253485/ENSG00000086570/ENSG00000165215/ENSG00000189143/ENSG00000156687/ENSG00000148357/ENSG00000184697/ENSG00000062038/ENSG00000181885/ENSG00000046604/ENSG00000197971/ENSG00000072071/ENSG00000154639/ENSG00000102290/ENSG00000009694/ENSG00000143341/ENSG00000204967/ENSG00000204965/ENSG00000149256",20
"GO:0016055","GO:0016055","Wnt signaling pathway","27/480","485/20772",2.62856257900938e-05,0.0372699332484926,0.0362197969049679,"ENSG00000162490/ENSG00000142632/ENSG00000143842/ENSG00000143882/ENSG00000163251/ENSG00000163666/ENSG00000109625/ENSG00000164362/ENSG00000171444/ENSG00000061492/ENSG00000104332/ENSG00000169071/ENSG00000152804/ENSG00000120057/ENSG00000156076/ENSG00000167191/ENSG00000062038/ENSG00000108375/ENSG00000213889/ENSG00000100146/ENSG00000121210/ENSG00000177283/ENSG00000180730/ENSG00000140332/ENSG00000103449/ENSG00000064195/ENSG00000105173",27
"GO:0198738","GO:0198738","cell-cell signaling by wnt","27/480","487/20772",2.82347979155247e-05,0.0372699332484926,0.0362197969049679,"ENSG00000162490/ENSG00000142632/ENSG00000143842/ENSG00000143882/ENSG00000163251/ENSG00000163666/ENSG00000109625/ENSG00000164362/ENSG00000171444/ENSG00000061492/ENSG00000104332/ENSG00000169071/ENSG00000152804/ENSG00000120057/ENSG00000156076/ENSG00000167191/ENSG00000062038/ENSG00000108375/ENSG00000213889/ENSG00000100146/ENSG00000121210/ENSG00000177283/ENSG00000180730/ENSG00000140332/ENSG00000103449/ENSG00000064195/ENSG00000105173",27
