"","ID","Description","GeneRatio","BgRatio","pvalue","p.adjust","qvalue","geneID","Count"
"GO:0051403","GO:0051403","stress-activated MAPK cascade","17/345","94/7038",2.43629818528189e-06,0.00619248526716604,0.00611226183063891,"ENSG00000114251/ENSG00000164620/ENSG00000095970/ENSG00000108861/ENSG00000163874/ENSG00000111536/ENSG00000130222/ENSG00000162999/ENSG00000125378/ENSG00000158125/ENSG00000103490/ENSG00000034152/ENSG00000111266/ENSG00000055332/ENSG00000188906/ENSG00000162889/ENSG00000150593",17
"GO:0031098","GO:0031098","stress-activated protein kinase signaling cascade","17/345","97/7038",3.82016364414932e-06,0.00619248526716604,0.00611226183063891,"ENSG00000114251/ENSG00000164620/ENSG00000095970/ENSG00000108861/ENSG00000163874/ENSG00000111536/ENSG00000130222/ENSG00000162999/ENSG00000125378/ENSG00000158125/ENSG00000103490/ENSG00000034152/ENSG00000111266/ENSG00000055332/ENSG00000188906/ENSG00000162889/ENSG00000150593",17
"GO:0032872","GO:0032872","regulation of stress-activated MAPK cascade","14/345","76/7038",1.52906151887746e-05,0.0123930436105018,0.0122324921510197,"ENSG00000114251/ENSG00000164620/ENSG00000095970/ENSG00000108861/ENSG00000163874/ENSG00000111536/ENSG00000130222/ENSG00000162999/ENSG00000125378/ENSG00000158125/ENSG00000103490/ENSG00000111266/ENSG00000055332/ENSG00000150593",14
"GO:0070302","GO:0070302","regulation of stress-activated protein kinase signaling cascade","14/345","76/7038",1.52906151887746e-05,0.0123930436105018,0.0122324921510197,"ENSG00000114251/ENSG00000164620/ENSG00000095970/ENSG00000108861/ENSG00000163874/ENSG00000111536/ENSG00000130222/ENSG00000162999/ENSG00000125378/ENSG00000158125/ENSG00000103490/ENSG00000111266/ENSG00000055332/ENSG00000150593",14
"GO:0033673","GO:0033673","negative regulation of kinase activity","14/345","87/7038",7.36625901861348e-05,0.0477628234766898,0.0471440577191263,"ENSG00000108861/ENSG00000169900/ENSG00000130695/ENSG00000154096/ENSG00000129515/ENSG00000181404/ENSG00000162999/ENSG00000167851/ENSG00000125378/ENSG00000103490/ENSG00000111537/ENSG00000111266/ENSG00000150867/ENSG00000150593",14
"GO:0038066","GO:0038066","p38MAPK cascade","8/345","31/7038",8.98406009933803e-05,0.0485438714034232,0.0479149871964695,"ENSG00000164620/ENSG00000095970/ENSG00000163874/ENSG00000130222/ENSG00000125378/ENSG00000158125/ENSG00000034152/ENSG00000162889",8
