"","ID","Description","GeneRatio","BgRatio","pvalue","p.adjust","qvalue","geneID","Count"
"GO:0045740","GO:0045740","positive regulation of DNA replication","4/68","40/20772",8.78219128397933e-06,0.0111797295045057,0.0100301868874922,"ENSG00000165891/ENSG00000074047/ENSG00000136504/ENSG00000006634",4
