"","CRISPR","NKX21"
"PC1",0.000267855616186964,0.606470759503035
"PC2",0.00516456237815006,7.62910290735781e-09
"PC3",0.557103872687926,0.371655105622637
"PC4",0.853292344233854,0.870764954462353
"PC5",0.797431667981167,0.910833951215817
